CPT;10100000;Capital;;;;;
CPT;10110000;Capital souscrit - non appelé;;;;;
CPT;10120000;Capital souscrit - appelé, non versé;;;;;
CPT;10130000;Capital souscrit - appelé, versé;;;;;
CPT;10131000;Capital non amorti;;;;;
CPT;10132000;Capital amorti;;;;;
CPT;10180000;Capital souscrit soumis à des réglementations particulières;;;;;
CPT;10200000;Fonds fiduciaires;;;;;
CPT;10400000;Primes liées au capital social;;;;;
CPT;10410000;Primes d'émission;;;;;
CPT;10420000;Primes de fusion;;;;;
CPT;10430000;Primes d'apport;;;;;
CPT;10440000;Primes de conversion d'obligations en actions;;;;;
CPT;10450000;Bons de souscription d'actions;;;;;
CPT;10500000;Ecarts de réévaluation;;;;;
CPT;10510000;Réserve spéciale de réévaluation;;;;;
CPT;10520000;Ecart de réévaluation libre;;;;;
CPT;10530000;Réserve de réévaluation;;;;;
CPT;10550000;Ecarts de réévaluation (autres opérations légales);;;;;
CPT;10570000;Autres écarts de réévaluation en France;;;;;
CPT;10580000;Autres écarts de réévaluation à l'Etranger;;;;;
CPT;10600000;Réserves;;;;;
CPT;10610000;Réserve légale;;;;;
CPT;10611000;Réserve légale proprement dite;;;;;
CPT;10612000;Plus-values nettes à long terme;;;;;
CPT;10620000;Réserves indisponibles;;;;;
CPT;10630000;Réserves statutaires ou contractuelles;;;;;
CPT;10640000;Réserves réglementées;;;;;
CPT;10641000;Plus-values nettes à long terme;;;;;
CPT;10643000;Réserves consécutives à l'octroi de subventions d'investissement;;;;;
CPT;10648000;Autres réserves réglementées;;;;;
CPT;10680000;Autres réserves;;;;;
CPT;10681000;Réserve de propre assureur;;;;;
CPT;10688000;Réserves diverses;;;;;
CPT;10700000;Ecart d'équivalence;;;;;
CPT;10800000;Compte de l'exploitant;;;;;
CPT;10900000;Actionnaires : Capital souscrit - non appelé;;;;;
CPT;11000000;Report à nouveau (solde créditeur);;;;;
CPT;11900000;Report à nouveau (solde débiteur);;;;;
CPT;12000000;Résultat de l'exercice (bénéfice);;;;;
CPT;12900000;Résultat de l'exercice (perte);;;;;
CPT;13100000;Subventions d'équipement;;;;;
CPT;13110000;Etat;;;;;
CPT;13120000;Régions;;;;;
CPT;13130000;Départements;;;;;
CPT;13140000;Communes;;;;;
CPT;13150000;Collectivités publiques;;;;;
CPT;13160000;Entreprises publiques;;;;;
CPT;13170000;Entreprises et organismes privés;;;;;
CPT;13180000;Autres;;;;;
CPT;13800000;Autres subventions d’investissement (même ventilation que celle du compte 131);;;;;
CPT;13900000;Subventions d'investissement inscrites au compte de résultat;;;;;
CPT;13910000;Subventions d'équipement;;;;;
CPT;13911000;Etat;;;;;
CPT;13912000;Régions;;;;;
CPT;13913000;Départements;;;;;
CPT;13914000;Communes;;;;;
CPT;13915000;Collectivités publiques;;;;;
CPT;13916000;Entreprises publiques;;;;;
CPT;13917000;Entreprises et organismes privés;;;;;
CPT;13918000;Autres;;;;;
CPT;13980000;Autres subventions d’investissement (même ventilation que celle du compte 1391);;;;;
CPT;14200000;Provisions réglementées relatives aux immobilisations;;;;;
CPT;14230000;Provisions pour reconstitution des gisements miniers et pétroliers;;;;;
CPT;14240000;Provisions pour investissement (participation des salariés);;;;;
CPT;14300000;Provisions réglementées relatives aux stocks;;;;;
CPT;14310000;Hausse des prix;;;;;
CPT;14320000;Fluctuation des cours;;;;;
CPT;14400000;Provisions réglementées relatives aux autres éléments de l'actif;;;;;
CPT;14500000;Amortissements dérogatoires;;;;;
CPT;14600000;Provision spéciale de réévaluation;;;;;
CPT;14700000;Plus-values réinvesties;;;;;
CPT;14800000;Autres provisions réglementées;;;;;
CPT;15100000;Provisions pour risques;;;;;
CPT;15110000;Provisions pour litiges;;;;;
CPT;15120000;Provisions pour garanties données aux clients;;;;;
CPT;15130000;Provisions pour pertes sur marchés à terme;;;;;
CPT;15140000;Provisions pour amendes et pénalités;;;;;
CPT;15150000;Provisions pour pertes de change;;;;;
CPT;15160000;Provisions pour pertes sur contrats;;;;;
CPT;15180000;Autres provisions pour risques;;;;;
CPT;15300000;Provisions pour pensions et obligations similaires;;;;;
CPT;15400000;Provisions pour restructurations;;;;;
CPT;15500000;Provisions pour impôts;;;;;
CPT;15600000;Provisions pour renouvellement des immobilisations (entreprises concessionnaires);;;;;
CPT;15700000;Provisions pour charges à répartir sur plusieurs exercices;;;;;
CPT;15720000;Provisions pour gros entretien ou grandes révisions;;;;;
CPT;15800000;Autres provisions pour charges;;;;;
CPT;15810000;Provisions pour remises en état;;;;;
CPT;16100000;Emprunts obligataires convertibles;;;;;
CPT;16200000;Obligations représentatives de passifs nets remis en fiducie;;;;;
CPT;16300000;Autres emprunts obligataires;;;;;
CPT;16400000;Emprunts auprès des établissements de crédit;;;;;
CPT;16500000;Dépôts et cautionnements reçus;;;;;
CPT;16510000;Dépôts;;;;;
CPT;16550000;Cautionnements;;;;;
CPT;16600000;Participation des salariés aux résultats;;;;;
CPT;16610000;Comptes bloqués;;;;;
CPT;16620000;Fonds de participation;;;;;
CPT;16700000;Emprunts et dettes assortis de conditions particulières;;;;;
CPT;16710000;Emissions de titres participatifs;;;;;
CPT;16740000;Avances conditionnées de l'Etat;;;;;
CPT;16750000;Emprunts participatifs;;;;;
CPT;16800000;Autres emprunts et dettes assimilées;;;;;
CPT;16810000;Autres emprunts;;;;;
CPT;16850000;Rentes viagères capitalisées;;;;;
CPT;16870000;Autres dettes;;;;;
CPT;16880000;Intérêts courus;;;;;
CPT;16881000;sur emprunts obligataires convertibles;;;;;
CPT;16883000;sur autres emprunts obligataires;;;;;
CPT;16884000;sur emprunts auprès des établissements de crédit;;;;;
CPT;16885000;sur dépôts et cautionnements reçus;;;;;
CPT;16886000;sur participation des salariés aux résultats;;;;;
CPT;16887000;sur emprunts et dettes assortis de conditions particulières;;;;;
CPT;16888000;sur autres emprunts et dettes assimilées;;;;;
CPT;16900000;Primes de remboursement des obligations;;;;;
CPT;17100000;Dettes rattachées à des participations (groupe);;;;;
CPT;17400000;Dettes rattachées à des participations (hors groupe);;;;;
CPT;17800000;Dettes rattachées à des sociétés en participation;;;;;
CPT;17810000;Principal;;;;;
CPT;17880000;Intérêts courus;;;;;
CPT;18100000;Comptes de liaison des établissements;;;;;
CPT;18600000;Biens et prestations de services échangés entre établissements (charges);;;;;
CPT;18700000;Biens et prestations de services échangés entre établissements (produits);;;;;
CPT;18800000;Comptes de liaison des sociétés en participation;;;;;
CPT;20100000;Frais d'établissement;;;;;
CPT;20110000;Frais de constitution;;;;;
CPT;20120000;Frais de premier établissement;;;;;
CPT;20121000;Frais de prospection;;;;;
CPT;20122000;Frais de publicité;;;;;
CPT;20130000;Frais d'augmentation de capital et d'opérations diverses (fusions, scissions, transformations);;;;;
CPT;20300000;Frais de recherche et de développement;;;;;
CPT;20500000;Concessions et droits similaires, brevets, licences, marques, procédés, logiciels, droits et valeurs;;;;;
CPT;20600000;Droit au bail;;;;;
CPT;20700000;Fonds commercial;;;;;
CPT;20800000;Autres immobilisations incorporelles;;;;;
CPT;21100000;Terrains;;;;;
CPT;21110000;Terrains nus;;;;;
CPT;21120000;Terrains aménagés;;;;;
CPT;21130000;Sous - sols et sursols;;;;;
CPT;21140000;Terrains de gisement;;;;;
CPT;21141000;Carrières;;;;;
CPT;21150000;Terrains bâtis;;;;;
CPT;21151000;Ensembles immobiliers industriels (A, B);;;;;
CPT;21155000;Ensembles immobiliers administratifs et commerciaux (A, B);;;;;
CPT;21158000;Autres ensembles immobiliers;;;;;
CPT;21158100;affectés aux opérations professionnelles (A, B);;;;;
CPT;21158800;affectés aux opérations non professionnelles (A, B);;;;;
CPT;21160000;Compte d'ordre sur immobilisations;;;;;
CPT;21200000;Agencements et aménagements de terrains (même ventilation que celle du compte 211);;;;;
CPT;21300000;Constructions;;;;;
CPT;21310000;Bâtiments;;;;;
CPT;21311000;Ensembles immobiliers industriels (A, B);;;;;
CPT;21315000;Ensembles immobiliers administratifs et commerciaux (A, B);;;;;
CPT;21318000;Autres ensembles immobiliers;;;;;
CPT;21318100;affectés aux opérations professionnelles (A, B);;;;;
CPT;21318800;affectés aux opérations non professionnelles (A, B);;;;;
CPT;21350000;Installations générales - agencements - aménagements des constructions;;;;;
CPT;21351000;Ensembles immobiliers industriels (A, B);;;;;
CPT;21355000;Ensembles immobiliers administratifs et commerciaux (A, B);;;;;
CPT;21358000;Autres ensembles immobiliers;;;;;
CPT;21358100;affectés aux opérations professionnelles (A, B);;;;;
CPT;21358800;affectés aux opérations non professionnelles (A, B);;;;;
CPT;21380000;Ouvrages d'infrastructure;;;;;
CPT;21381000;Voies de terre;;;;;
CPT;21382000;Voies de fer;;;;;
CPT;21383000;Voies d'eau;;;;;
CPT;21384000;Barrages;;;;;
CPT;21385000;Pistes d'aérodromes;;;;;
CPT;21400000;Constructions sur sol d'autrui (même ventilation que celle du compte 213);;;;;
CPT;21500000;Installations techniques, matériels et outillage industriels;;;;;
CPT;21510000;Installations complexes spécialisées;;;;;
CPT;21511000;sur sol propre;;;;;
CPT;21514000;sur sol d'autrui;;;;;
CPT;21530000;Installations à caractère spécifique;;;;;
CPT;21531000;sur sol propre;;;;;
CPT;21534000;sur sol d'autrui;;;;;
CPT;21540000;Matériel industriel;;;;;
CPT;21550000;Outillage industriel;;;;;
CPT;21570000;Agencements et aménagements du matériel et outillage industriels;;;;;
CPT;21800000;Autres immobilisations corporelles;;;;;
CPT;21810000;Installations générales, agencements, aménagements divers;;;;;
CPT;21820000;Matériel de transport;;;;;
CPT;21830000;Matériel de bureau et matériel informatique;;;;;
CPT;21840000;Mobilier;;;;;
CPT;21850000;Cheptel;;;;;
CPT;21860000;Emballages récupérables;;;;;
CPT;23100000;Immobilisations corporelles en cours;;;;;
CPT;23120000;Terrains;;;;;
CPT;23130000;Constructions;;;;;
CPT;23150000;Installations techniques, matériel et outillage industriels;;;;;
CPT;23180000;Autres immobilisations corporelles;;;;;
CPT;23200000;Immobilisations incorporelles en cours;;;;;
CPT;23700000;Avances et acomptes versés sur immobilisations incorporelles;;;;;
CPT;23800000;Avances et acomptes versés sur commandes d'immobilisations corporelles;;;;;
CPT;23820000;Terrains;;;;;
CPT;23830000;Constructions;;;;;
CPT;23850000;Installations techniques, matériel et outillage industriels;;;;;
CPT;23880000;Autres immobilisations corporelles;;;;;
CPT;26100000;Titres de participation;;;;;
CPT;26110000;Actions;;;;;
CPT;26180000;Autres titres;;;;;
CPT;26600000;Autres formes de participation;;;;;
CPT;26610000;Droits représentatifs d’actifs nets remis en fiducie;;;;;
CPT;26700000;Créances rattachées à des participations;;;;;
CPT;26710000;Créances rattachées à des participations (groupe);;;;;
CPT;26740000;Créances rattachées à des participations (hors groupe);;;;;
CPT;26750000;Versements représentatifs d'apports non capitalisés (appel de fonds);;;;;
CPT;26760000;Avances consolidables;;;;;
CPT;26770000;Autres créances rattachées à des participations;;;;;
CPT;26780000;Intérêts courus;;;;;
CPT;26800000;Créances rattachées à des sociétés en participation;;;;;
CPT;26810000;Principal;;;;;
CPT;26880000;Intérêts courus;;;;;
CPT;26900000;Versements restant à effectuer sur titres de participation non libérés;;;;;
CPT;27100000;Titres immobilisés autres que les titres immobilisés de l'activité de portefeuille (droit de propriété);;;;;
CPT;27110000;Actions;;;;;
CPT;27180000;Autres titres;;;;;
CPT;27200000;Titres immobilisés (droit de créance);;;;;
CPT;27210000;Obligations;;;;;
CPT;27220000;Bons;;;;;
CPT;27300000;Titres immobilisés de l'activité de portefeuille;;;;;
CPT;27400000;Prêts;;;;;
CPT;27410000;Prêts participatifs;;;;;
CPT;27420000;Prêts aux associés;;;;;
CPT;27430000;Prêts au personnel;;;;;
CPT;27480000;Autres prêts;;;;;
CPT;27500000;Dépôts et cautionnements versés;;;;;
CPT;27510000;Dépôts;;;;;
CPT;27550000;Cautionnements;;;;;
CPT;27600000;Autres créances immobilisées;;;;;
CPT;27610000;Créances diverses;;;;;
CPT;27680000;Intérêts courus;;;;;
CPT;27682000;sur titres immobilisés (droit de créance);;;;;
CPT;27684000;sur prêts;;;;;
CPT;27685000;sur dépôts et cautionnements;;;;;
CPT;27688000;sur créances diverses;;;;;
CPT;27700000;(Actions propres ou parts propres);;;;;
CPT;27710000;Actions propres ou parts propres;;;;;
CPT;27720000;Actions propres ou parts propres en voie d’annulation;;;;;
CPT;27900000;Versements restant à effectuer sur titres immobilisés non libérés;;;;;
CPT;28000000;Amortissements des immobilisations incorporelles;;;;;
CPT;28010000;Frais d'établissement (même ventilation que celle du compte 201);;;;;
CPT;28030000;Frais de recherche et de développement;;;;;
CPT;28050000;Concessions et droits similaires, brevets, licences, logiciels, droits et valeurs similaires;;;;;
CPT;28070000;Fonds commercial;;;;;
CPT;28080000;Autres immobilisations incorporelles;;;;;
CPT;28100000;Amortissements des immobilisations corporelles;;;;;
CPT;28110000;Terrains de gisement;;;;;
CPT;28120000;Agencements, aménagements de terrains (même ventilation que celle du compte 212);;;;;
CPT;28130000;Constructions (même ventilation que celle du compte 213);;;;;
CPT;28131000;Amortissements des bâtiments;;;;;
CPT;28135000;Amortissement des installations générales - agencements - aménagements des constructions;;;;;
CPT;28140000;Constructions sur sol d'autrui (même ventilation que celle du compte 214);;;;;
CPT;28150000;Installations, matériel et outillage industriels (même ventilation que celle du compte 215);;;;;
CPT;28180000;Autres immobilisations corporelles (même ventilation que celle du compte 218);;;;;
CPT;28184000;Amortissement du mobilier;;;;;
CPT;28200000;Amortissements des immobilisations mises en concession;;;;;
CPT;29000000;Dépréciations des immobilisations incorporelles;;;;;
CPT;29050000;Marques, procédés, droits et valeurs similaires;;;;;
CPT;29060000;Droit au bail;;;;;
CPT;29070000;Fonds commercial;;;;;
CPT;29080000;Autres immobilisations incorporelles;;;;;
CPT;29100000;Dépréciations des immobilisations corporelles (même ventilation que celle du compte 21);;;;;
CPT;29110000;Terrains (autres que terrains de gisement);;;;;
CPT;29200000;Dépréciations des immobilisations mises en concession;;;;;
CPT;29300000;Dépréciations des immobilisations en cours;;;;;
CPT;29310000;Immobilisations corporelles en cours;;;;;
CPT;29320000;Immobilisations incorporelles en cours;;;;;
CPT;29600000;Dépréciations des participations et créances rattachées à des participations;;;;;
CPT;29610000;Titres de participation;;;;;
CPT;29660000;Autres formes de participation;;;;;
CPT;29670000;Créances rattachées à des participations (même ventilation que celle du compte 267);;;;;
CPT;29680000;Créances rattachées à des sociétés en participation (même ventilation que celle du compte 268);;;;;
CPT;29700000;Dépréciations des autres immobilisations financières;;;;;
CPT;29710000;Titres immobilisés autres que les titres immobilisés de l'activité de portefeuille - droit de;;;;;
CPT;29720000;Droit de créance (même ventilation que celle du compte 272);;;;;
CPT;29730000;Titres immobilisés de l'activité de portefeuille;;;;;
CPT;29740000;Prêts (même ventilation que celle du compte 274);;;;;
CPT;29750000;Dépôts et cautionnements versés (même ventilation que celle du compte 275);;;;;
CPT;29760000;Autres créances immobilisées (même ventilation que celle du compte 276);;;;;
CPT;31100000;Matières (ou groupe) A;;;;;
CPT;31200000;Matières (ou groupe) B;;;;;
CPT;31700000;Fournitures A, B, C,;;;;;
CPT;32100000;Matières consommables;;;;;
CPT;32110000;Matières (ou groupe) C;;;;;
CPT;32120000;Matières (ou groupe) D;;;;;
CPT;32200000;Fournitures consommables;;;;;
CPT;32210000;Combustibles;;;;;
CPT;32220000;Produits d'entretien;;;;;
CPT;32230000;Fournitures d'atelier et d'usine;;;;;
CPT;32240000;Fournitures de magasin;;;;;
CPT;32250000;Fournitures de bureau;;;;;
CPT;32600000;Emballages;;;;;
CPT;32610000;Emballages perdus;;;;;
CPT;32650000;Emballages récupérables non identifiables;;;;;
CPT;32670000;Emballages à usage mixte;;;;;
CPT;33100000;Produits en cours;;;;;
CPT;33110000;Produits en cours P 1;;;;;
CPT;33120000;Produits en cours P 2;;;;;
CPT;33500000;Travaux en cours;;;;;
CPT;33510000;Travaux en cours T 1;;;;;
CPT;33520000;Travaux en cours T 2;;;;;
CPT;34100000;Etudes en cours;;;;;
CPT;34110000;Etudes en cours E 1;;;;;
CPT;34120000;Etudes en cours E 2;;;;;
CPT;34500000;Prestations de services en cours;;;;;
CPT;34510000;Prestations de services S 1;;;;;
CPT;34520000;Prestations de services S 2;;;;;
CPT;35100000;Produits intermédiaires;;;;;
CPT;35110000;Produits intermédiaires (ou groupe) A;;;;;
CPT;35120000;Produits intermédiaires (ou groupe) B;;;;;
CPT;35500000;Produits finis;;;;;
CPT;35510000;Produits finis (ou groupe) A;;;;;
CPT;35520000;Produits finis (ou groupe) B;;;;;
CPT;35800000;Produits résiduels (ou matières de récupération);;;;;
CPT;35810000;Déchets;;;;;
CPT;35850000;Rebuts;;;;;
CPT;35860000;Matières de récupération;;;;;
CPT;37100000;Marchandises (ou groupe) A;;;;;
CPT;37200000;Marchandises (ou groupe) B;;;;;
CPT;39100000;Dépréciations des matières premières (et fournitures);;;;;
CPT;39110000;Matières (ou groupe) A;;;;;
CPT;39120000;Matières (ou groupe) B;;;;;
CPT;39170000;Fournitures A, B, C,;;;;;
CPT;39200000;Dépréciations des autres approvisionnements;;;;;
CPT;39210000;Matières consommables (même ventilation que celle du compte 321);;;;;
CPT;39220000;Fournitures consommables (même ventilation que celle du compte 322);;;;;
CPT;39260000;Emballages (même ventilation que celle du compte 326);;;;;
CPT;39300000;Dépréciations des en-cours de production de biens;;;;;
CPT;39310000;Produits en cours (même ventilation que celle du compte 331);;;;;
CPT;39350000;Travaux en cours (même ventilation que celle du compte 335);;;;;
CPT;39400000;Dépréciations des en-cours de production de services;;;;;
CPT;39410000;Etudes en cours (même ventilation que celle du compte 341);;;;;
CPT;39450000;Prestations de services en cours (même ventilation que celle du compte 345);;;;;
CPT;39500000;Dépréciations des stocks de produits;;;;;
CPT;39510000;Produits intermédiaires (même ventilation que celle du compte 351);;;;;
CPT;39550000;Produits finis (même ventilation que celle du compte 355);;;;;
CPT;39700000;Dépréciations des stocks de marchandises;;;;;
CPT;39710000;Marchandise (ou groupe) A;;;;;
CPT;39720000;Marchandise (ou groupe) B;;;;;
CPT;40000000;Fournisseurs et comptes rattachés;;;;;
CPT;40100000;Fournisseurs;;;;;
CPT;40110000;Fournisseurs - Achats de biens et prestations de services;;;;;
CPT;40170000;Fournisseurs - Retenues de garantie;;;;;
CPT;40300000;Fournisseurs - Effets à payer;;;;;
CPT;40400000;Fournisseurs d'immobilisations;;;;;
CPT;40410000;Fournisseurs - Achats d'immobilisations;;;;;
CPT;40470000;Fournisseurs d'immobilisations - Retenues de garantie;;;;;
CPT;40500000;Fournisseurs d'immobilisations - Effets à payer;;;;;
CPT;40800000;Fournisseurs - Factures non parvenues;;;;;
CPT;40810000;Fournisseurs;;;;;
CPT;40840000;Fournisseurs d'immobilisations;;;;;
CPT;40880000;Fournisseurs - Intérêts courus;;;;;
CPT;40900000;Fournisseurs débiteurs;;;;;
CPT;40910000;Fournisseurs - Avances et acomptes versés sur commandes;;;;;
CPT;40960000;Fournisseurs - Créances pour emballages et matériel à rendre;;;;;
CPT;40970000;Fournisseurs - Autres avoirs;;;;;
CPT;40971000;Fournisseurs d'exploitation;;;;;
CPT;40974000;Fournisseurs d'immobilisations;;;;;
CPT;40980000;Rabais, remises, ristournes à obtenir et autres avoirs non encore reçus;;;;;
CPT;41000000;Clients et comptes rattachés;;;;;
CPT;41100000;Clients;;;;;
CPT;41110000;Clients - Ventes de biens ou de prestations de services;;;;;
CPT;41170000;Clients - Retenues de garantie;;;;;
CPT;41300000;Clients - Effets à recevoir;;;;;
CPT;41600000;Clients douteux ou litigieux;;;;;
CPT;41800000;Clients - Produits non encore facturés;;;;;
CPT;41810000;Clients - Factures à établir;;;;;
CPT;41880000;Clients - Intérêts courus;;;;;
CPT;41900000;Clients créditeurs;;;;;
CPT;41910000;Clients - Avances et acomptes reçus sur commandes;;;;;
CPT;41960000;Clients - Dettes sur emballages et matériels consignés;;;;;
CPT;41970000;Clients - Autres avoirs;;;;;
CPT;41980000;Rabais, remises, ristournes à accorder et autres avoirs à établir;;;;;
CPT;42100000;Personnel - Rémunérations dues;;;;;
CPT;42200000;Comités d'entreprises, d'établissement, …;;;;;
CPT;42400000;Participation des salariés aux résultats;;;;;
CPT;42460000;Réserve spéciale;;;;;
CPT;42480000;Comptes courants;;;;;
CPT;42500000;Personnel - Avances et acomptes;;;;;
CPT;42600000;Personnel - Dépôts;;;;;
CPT;42700000;Personnel - Oppositions;;;;;
CPT;42800000;Personnel - Charges à payer et produits à recevoir;;;;;
CPT;42820000;Dettes provisionnées pour congés à payer;;;;;
CPT;42840000;Dettes provisionnées pour participation des salariés aux résultats;;;;;
CPT;42860000;Autres charges à payer;;;;;
CPT;42870000;Produits à recevoir;;;;;
CPT;43100000;Sécurité sociale;;;;;
CPT;43700000;Autres organismes sociaux;;;;;
CPT;43800000;Organismes sociaux - Charges à payer et produits à recevoir;;;;;
CPT;43820000;Charges sociales sur congés à payer;;;;;
CPT;43860000;Autres charges à payer;;;;;
CPT;43870000;Produits à recevoir;;;;;
CPT;44100000;État - Subventions à recevoir;;;;;
CPT;44110000;Subventions d'investissement;;;;;
CPT;44170000;Subventions d'exploitation;;;;;
CPT;44180000;Subventions d'équilibre;;;;;
CPT;44190000;Avances sur subventions;;;;;
CPT;44200000;Etat - Impôts et taxes recouvrables sur des tiers;;;;;
CPT;44240000;Obligataires;;;;;
CPT;44250000;Associés;;;;;
CPT;44300000;Opérations particulières avec l'Etat les collectivités publiques, les organismes internationaux;;;;;
CPT;44310000;Créances sur l'Etat résultant de la suppression de la règle du décalage d'un mois en matière de TVA;;;;;
CPT;44380000;Intérêts courus sur créances figurant au 4431;;;;;
CPT;44400000;Etat - Impôts sur les bénéfices;;;;;
CPT;44500000;Etat - Taxes sur le chiffre d'affaires;;;;;
CPT;44520000;TVA due intracommunautaire;;;;;
CPT;44550000;Taxes sur le chiffre d'affaires à décaisser;;;;;
CPT;44551000;TVA à décaisser;;;;;
CPT;44558000;Taxes assimilées à la TVA;;;;;
CPT;44560000;Taxes sur le chiffre d'affaires déductibles;;;;;
CPT;44562000;TVA sur immobilisations;;;;;
CPT;44563000;TVA transférée par d'autres entreprises;;;;;
CPT;44566000;TVA sur autres biens et services;;;;;
CPT;44567000;Crédit de TVA à reporter;;;;;
CPT;44568000;Taxes assimilées à la TVA;;;;;
CPT;44570000;Taxes sur le chiffre d'affaires collectées par l'entreprise;;;;;
CPT;44571000;TVA collectée;;;;;
CPT;44578000;Taxes assimilées à la TVA;;;;;
CPT;44580000;Taxes sur le chiffre d'affaires à régulariser ou en attente;;;;;
CPT;44581000;Acomptes - Régime simplifié d'imposition;;;;;
CPT;44582000;Acomptes - Régime de forfait;;;;;
CPT;44583000;Remboursement de taxes sur le chiffre d'affaires demandé;;;;;
CPT;44584000;TVA récupérée d'avance;;;;;
CPT;44586000;Taxes sur le chiffre d'affaires sur factures non parvenues;;;;;
CPT;44587000;Taxes sur le chiffre d'affaires sur factures à établir;;;;;
CPT;44600000;Obligations cautionnées;;;;;
CPT;44700000;Autres impôts, taxes et versements assimilés;;;;;
CPT;44800000;Etat - Charges à payer et produits à recevoir;;;;;
CPT;44820000;Charges fiscales sur congés à payer;;;;;
CPT;44860000;Charges à payer;;;;;
CPT;44870000;Produits à recevoir;;;;;
CPT;44900000;Quotas d’émission à acquérir;;;;;
CPT;45100000;Groupe;;;;;
CPT;45500000;Associés - Comptes courants;;;;;
CPT;45510000;Principal;;;;;
CPT;45580000;Intérêts courus;;;;;
CPT;45600000;Associés - Opérations sur le capital;;;;;
CPT;45610000;Associés - Comptes d'apport en société;;;;;
CPT;45611000;Apports en nature;;;;;
CPT;45615000;Apports en numéraire;;;;;
CPT;45620000;Apporteurs - Capital appelé, non versé;;;;;
CPT;45621000;Actionnaires - Capital souscrit et appelé, non versé;;;;;
CPT;45625000;Associés - Capital appelé, non versé;;;;;
CPT;45630000;Associés - Versements reçus sur augmentation de capital;;;;;
CPT;45640000;Associés - Versements anticipés;;;;;
CPT;45660000;Actionnaires défaillants;;;;;
CPT;45670000;Associés - Capital à rembourser;;;;;
CPT;45700000;Associés - Dividendes à payer;;;;;
CPT;45800000;Associés - Opérations faites en commun et en GIE;;;;;
CPT;45810000;Opérations courantes;;;;;
CPT;45880000;Intérêts courus;;;;;
CPT;46200000;Créances sur cessions d'immobilisations;;;;;
CPT;46400000;Dettes sur acquisitions de valeurs mobilières de placement;;;;;
CPT;46500000;Créances sur cessions de valeurs mobilières de placement;;;;;
CPT;46700000;Autres comptes débiteurs ou créditeurs;;;;;
CPT;46800000;Divers - Charges à payer et produits à recevoir;;;;;
CPT;46860000;Charges à payer;;;;;
CPT;46870000;Produits à recevoir;;;;;
CPT;47100000;Comptes d'attente;;;;;
CPT;47200000;Comptes d'attente;;;;;
CPT;47300000;Comptes d'attente;;;;;
CPT;47400000;Comptes d'attente;;;;;
CPT;47500000;Comptes d'attente;;;;;
CPT;47600000;Différence de conversion - Actif;;;;;
CPT;47610000;Diminution des créances;;;;;
CPT;47620000;Augmentation des dettes;;;;;
CPT;47680000;Différences compensées par couverture de change;;;;;
CPT;47700000;Différences de conversion - Passif;;;;;
CPT;47710000;Augmentation des créances;;;;;
CPT;47720000;Diminution des dettes;;;;;
CPT;47780000;Différences compensées par couverture de change;;;;;
CPT;47800000;Autres comptes transitoires;;;;;
CPT;48100000;Charges à répartir sur plusieurs exercices;;;;;
CPT;48160000;Frais d'émission des emprunts;;;;;
CPT;48600000;Charges constatées d'avance;;;;;
CPT;48700000;Produits constatés d'avance;;;;;
CPT;48800000;Comptes de répartition périodique des charges et des produits;;;;;
CPT;48860000;Charges;;;;;
CPT;48870000;Produits;;;;;
CPT;49100000;Dépréciations des comptes de clients;;;;;
CPT;49500000;Dépréciations des comptes du groupe et des associés;;;;;
CPT;49510000;Comptes du groupe;;;;;
CPT;49550000;Comptes courants des associés;;;;;
CPT;49580000;Opérations faites en commun et en GIE;;;;;
CPT;49600000;Dépréciations des comptes de débiteurs divers;;;;;
CPT;49620000;Créances sur cessions d'immobilisations;;;;;
CPT;49650000;Créances sur cessions de valeurs mobilières de placement;;;;;
CPT;49670000;Autres comptes débiteurs;;;;;
CPT;50100000;Parts dans des entreprises liées;;;;;
CPT;50200000;Actions propres;;;;;
CPT;50210000;Actons destinées à être attribuées aux employés et affectées à des plans déterminés;;;;;
CPT;50220000;Actons disponibles pour être attribuées aux employés ou pour la régularisation des cours de;;;;;
CPT;50300000;Actions;;;;;
CPT;50310000;Titres cotés;;;;;
CPT;50350000;Titres non cotés;;;;;
CPT;50400000;Autres titres conférant un droit de propriété;;;;;
CPT;50500000;Obligations et bons émis par la société et rachetés par elle;;;;;
CPT;50600000;Obligations;;;;;
CPT;50610000;Titres cotés;;;;;
CPT;50650000;Titres non cotés;;;;;
CPT;50700000;Bons du Trésor et bons de caisse à court terme;;;;;
CPT;50800000;Autres valeurs mobilières de placement et autres créances assimilées;;;;;
CPT;50810000;Autres valeurs mobilières;;;;;
CPT;50820000;Bons de souscription;;;;;
CPT;50880000;Intérêts courus sur obligations, bons et valeurs assimilés;;;;;
CPT;50900000;Versements restant à effectuer sur valeurs mobilières de placement non libérées;;;;;
CPT;51100000;Valeurs à l'encaissement;;;;;
CPT;51110000;Coupons échus à l'encaissement;;;;;
CPT;51120000;Chèques à encaisser;;;;;
CPT;51130000;Effets à l'encaissement;;;;;
CPT;51140000;Effets à l'escompte;;;;;
CPT;51200000;Banques;;;;;
CPT;51210000;Comptes en monnaie nationale;;;;;
CPT;51240000;Comptes en devises;;;;;
CPT;51400000;Chèques postaux;;;;;
CPT;51500000; Caisses du Trésor et des établissements publics;;;;;
CPT;51600000;Sociétés de bourse;;;;;
CPT;51700000;Autres organismes financiers;;;;;
CPT;51800000;Intérêts courus;;;;;
CPT;51810000;Intérêts courus à payer;;;;;
CPT;51880000;Intérêts courus à recevoir;;;;;
CPT;51900000;Concours bancaires courants;;;;;
CPT;51910000;Crédit de mobilisation de créances commerciales;;;;;
CPT;51930000;Mobilisation de créances nées à l'étranger;;;;;
CPT;51980000;Intérêts courus sur concours bancaires courants;;;;;
CPT;53100000;Caisse siège social;;;;;
CPT;53110000;Caisse en monnaie nationale;;;;;
CPT;53140000;Caisse en devises;;;;;
CPT;53200000;Caisse succursale (ou usine) A;;;;;
CPT;53300000;Caisse succursale (ou usine) B;;;;;
CPT;59000000;Dépréciations des valeurs mobilières de placement;;;;;
CPT;59030000;Actions;;;;;
CPT;59040000;Autres titres conférant un droit de propriété;;;;;
CPT;59060000;Obligations;;;;;
CPT;59080000;Autres valeurs mobilières de placement et créances assimilées;;;;;
CPT;60100000;Achats stockés - Matières premières (et fournitures);;;;;
CPT;60110000;Matières (ou groupe) A;;;;;
CPT;60120000;Matières (ou groupe) B;;;;;
CPT;60170000;Fournitures A, B, C,;;;;;
CPT;60200000;Achats stockés - Autres approvisionnements;;;;;
CPT;60210000;Matières consommables;;;;;
CPT;60211000;Matières (ou groupe) C;;;;;
CPT;60212000;Matières (ou groupe) D;;;;;
CPT;60220000;Fournitures consommables;;;;;
CPT;60221000;Combustibles;;;;;
CPT;60222000;Produits d'entretien;;;;;
CPT;60223000;Fournitures d'atelier et d'usine;;;;;
CPT;60224000;Fournitures de magasin;;;;;
CPT;60225000;Fourniture de bureau;;;;;
CPT;60260000;Emballages;;;;;
CPT;60261000;Emballages perdus;;;;;
CPT;60265000;Emballages récupérables non identifiables;;;;;
CPT;60267000;Emballages à usage mixte;;;;;
CPT;60300000;Variations des stocks (approvisionnements et marchandises);;;;;
CPT;60310000;Variation des stocks de matières premières (et fournitures);;;;;
CPT;60320000;Variation des stocks des autres approvisionnements;;;;;
CPT;60370000;Variation des stocks de marchandises;;;;;
CPT;60400000;Achats d'études et prestations de services;;;;;
CPT;60500000;Achats de matériel, équipements et travaux;;;;;
CPT;60600000;Achats non stockés de matière et fournitures;;;;;
CPT;60610100;Achats non stockés eaux;;;;;
CPT;60610200;Achats non stockés électricité;;;;;
CPT;60610300;Achats non stockés gaz;;;;;
CPT;60610000;Fournitures non stockables (eau, énergie, …);;;;;
CPT;60630000;Fournitures d'entretien et de petit équipement;;;;;
CPT;60640000;Fournitures administratives;;;;;
CPT;60680000;Autres matières et fournitures;;;;;
CPT;60700000;Achats de marchandises;;;;;
CPT;60710000;Marchandise (ou groupe) A;;;;;
CPT;60720000;Marchandise (ou groupe) B;;;;;
CPT;60800000;(Compte réservé, le cas échéant, à la récapitulation des frais accessoires incorporés aux achats);;;;;
CPT;60900000;Rabais, remises et ristournes obtenus sur achats;;;;;
CPT;60910000;de matières premières (et fournitures);;;;;
CPT;60920000;d'autres approvisionnements stockés;;;;;
CPT;60940000;d'études et prestations de services;;;;;
CPT;60950000;de matériel, équipements et travaux;;;;;
CPT;60960000;d'approvisionnements non stockés;;;;;
CPT;60970000;de marchandises;;;;;
CPT;60980000;Rabais, remises et ristournes non affectés;;;;;
CPT;61100000;Sous-traitance générale;;;;;
CPT;61200000;Redevances de crédit-bail;;;;;
CPT;61220000;Crédit-bail mobilier;;;;;
CPT;61250000;Crédit-bail immobilier;;;;;
CPT;61300000;Locations;;;;;
CPT;61320000;Locations immobilières;;;;;
CPT;61350000;Locations mobilières;;;;;
CPT;61360000;Malis sur emballages;;;;;
CPT;61400000;Charges locatives et de copropriété;;;;;
CPT;61500000;Entretien et réparations;;;;;
CPT;61520000;sur biens immobiliers;;;;;
CPT;61550000;sur biens mobiliers;;;;;
CPT;61560000;Maintenance;;;;;
CPT;61600000;Primes d'assurances;;;;;
CPT;61610000;Multirisques;;;;;
CPT;61620000;Assurance obligatoire dommage construction;;;;;
CPT;61630000;Assurance - transport;;;;;
CPT;61636000;sur achats;;;;;
CPT;61637000;sur ventes;;;;;
CPT;61638000;sur autres biens;;;;;
CPT;61640000;Risques d'exploitation;;;;;
CPT;61650000;Insolvabilité clients;;;;;
CPT;61700000;Etudes et recherches;;;;;
CPT;61800000;Divers;;;;;
CPT;61810000;Documentation générale;;;;;
CPT;61830000;Documentation technique;;;;;
CPT;61850000;Frais de colloques, séminaires, conférences;;;;;
CPT;61900000;Rabais, remises et ristournes obtenus sur services extérieurs;;;;;
CPT;62100000;Personnel extérieur à l'entreprise;;;;;
CPT;62110000;Personnel intérimaire;;;;;
CPT;62140000;Personnel détaché ou prêté à l'entreprise;;;;;
CPT;62200000;Rémunérations d'intermédiaires et honoraires;;;;;
CPT;62210000;Commissions et courtages sur achats;;;;;
CPT;62220000;Commissions et courtages sur ventes;;;;;
CPT;62240000;Rémunérations des transitaires;;;;;
CPT;62250000;Rémunérations d'affacturage;;;;;
CPT;62260000;Honoraires;;;;;
CPT;62270000;Frais d'actes et de contentieux;;;;;
CPT;62280000;Divers;;;;;
CPT;62300000;Publicité, publications, relations publiques;;;;;
CPT;62310000;Annonces et insertions;;;;;
CPT;62320000;Echantillons;;;;;
CPT;62330000;Foires et expositions;;;;;
CPT;62340000;Cadeaux à la clientèle;;;;;
CPT;62350000;Primes;;;;;
CPT;62360000;Catalogues et imprimés;;;;;
CPT;62370000;Publications;;;;;
CPT;62380000;Divers (pourboires, dons courants, …);;;;;
CPT;62400000;Transports de biens et transports collectifs du personnel;;;;;
CPT;62410000;Transports sur achats;;;;;
CPT;62420000;Transports sur ventes;;;;;
CPT;62430000;Transports entre établissements ou chantiers;;;;;
CPT;62440000;Transports administratifs;;;;;
CPT;62470000;Transports collectifs du personnel;;;;;
CPT;62480000;Divers;;;;;
CPT;62500000;Déplacements, missions et réceptions;;;;;
CPT;62510000;Voyages et déplacements;;;;;
CPT;62550000;Frais de déménagement;;;;;
CPT;62560000;Missions;;;;;
CPT;62570000;Réceptions;;;;;
CPT;62600000;Frais postaux et de télécommunications;;;;;
CPT;62700000;Services bancaires et assimilés;;;;;
CPT;62710000;Frais sur titres (achat, vente, garde);;;;;
CPT;62720000;Commissions et frais sur émission d'emprunts;;;;;
CPT;62750000;Frais sur effets;;;;;
CPT;62760000;Location de coffres;;;;;
CPT;62780000;Autres frais et commissions sur prestations de services;;;;;
CPT;62800000;Divers;;;;;
CPT;62810000;Concours divers (cotisations, );;;;;
CPT;62840000;Frais de recrutement de personnel;;;;;
CPT;62900000;Rabais, remises et ristournes obtenus sur autres services extérieurs;;;;;
CPT;63100000;Impôts, taxes et versements assimilés sur rémunérations (administrations des impôts);;;;;
CPT;63110000;Taxe sur les salaires;;;;;
CPT;63120000;Taxe d'apprentissage;;;;;
CPT;63130000;Participation des employeurs à la formation professionnelle continue;;;;;
CPT;63140000;Cotisation pour défaut d'investissement obligatoire dans la construction;;;;;
CPT;63180000;Autres;;;;;
CPT;63300000;Impôts, taxes et versements assimilés sur rémunérations (autres organismes);;;;;
CPT;63310000;Versement de transport;;;;;
CPT;63320000;Allocations logement;;;;;
CPT;63330000;Participation des employeurs à la formation professionnelle continue;;;;;
CPT;63340000;Participation des employeurs à l'effort de construction;;;;;
CPT;63350000;Versements libératoires ouvrant droit à l'exonération de la taxe d'apprentissage;;;;;
CPT;63380000;Autres;;;;;
CPT;63500000;Autres impôts, taxes et versements assimilés (administrations des impôts);;;;;
CPT;63510000;Impôts directs (sauf impôts sur les bénéfices);;;;;
CPT;63511000;Contribution économique territoriale;;;;;
CPT;63512000;Taxes foncières;;;;;
CPT;63513000;Autres impôts locaux;;;;;
CPT;63514000;Taxe sur les véhicules des sociétés;;;;;
CPT;63520000;Taxe sur le chiffre d'affaires non récupérables;;;;;
CPT;63530000;Impôts indirects;;;;;
CPT;63540000;Droits d'enregistrement et de timbre;;;;;
CPT;63541000;Droits de mutation;;;;;
CPT;63580000;Autres droits;;;;;
CPT;63700000;Autres impôts, taxes et versements assimilés (autres organismes);;;;;
CPT;63710000;Contribution sociale de solidarité à la charge des sociétés;;;;;
CPT;63720000;Taxes perçues par les organismes publics internationaux;;;;;
CPT;63740000;Impôts et taxes exigibles à l'Etranger;;;;;
CPT;63780000;Taxes diverses;;;;;
CPT;64100000;Rémunérations du personnel;;;;;
CPT;64110000;Salaires, appointements;;;;;
CPT;64120000;Congés payés;;;;;
CPT;64130000;Primes et gratifications;;;;;
CPT;64140000;Indemnités et avantages divers;;;;;
CPT;64150000;Supplément familial;;;;;
CPT;64400000;Rémunération du travail de l'exploitant;;;;;
CPT;64500000;Charges de sécurité sociale et de prévoyance;;;;;
CPT;64510000;Cotisations à l'URSSAF;;;;;
CPT;64520000;Cotisations aux mutuelles;;;;;
CPT;64530000;Cotisations aux caisses de retraites;;;;;
CPT;64540000;Cotisations aux ASSEDIC;;;;;
CPT;64580000;Cotisations aux autres organismes sociaux;;;;;
CPT;64600000;Cotisations sociales personnelles de l'exploitant;;;;;
CPT;64700000;Autres charges sociales;;;;;
CPT;64710000;Prestations directes;;;;;
CPT;64720000;Versements aux comités d'entreprise et d'établissement;;;;;
CPT;64730000;Versements aux comités d'hygiène et de sécurité;;;;;
CPT;64740000;Versements aux autres œuvres sociales;;;;;
CPT;64750000;Médecine du travail, pharmacie;;;;;
CPT;64800000;Autres charges de personnel;;;;;
CPT;65100000;Redevances pour concessions, brevets, licences, marques, procédés, logiciels, droits et valeurs;;;;;
CPT;65110000;Redevances pour concessions, brevets, licences, marques, procédés, logiciels;;;;;
CPT;65160000;Droits d'auteur et de reproduction;;;;;
CPT;65180000;Autres droits et valeurs similaires;;;;;
CPT;65300000;Jetons de présence;;;;;
CPT;65400000;Pertes sur créances irrécouvrables;;;;;
CPT;65410000;Créances de l'exercice;;;;;
CPT;65440000;Créances des exercices antérieurs;;;;;
CPT;65500000;Quote-part de résultat sur opérations faites en commun;;;;;
CPT;65510000;Quote-part de bénéfice transférée (comptabilité du gérant);;;;;
CPT;65550000;Quote-part de perte supportée (comptabilité des associés non gérants);;;;;
CPT;65800000;Charges diverses de gestion courante;;;;;
CPT;66100000;Charges d'intérêts;;;;;
CPT;66110000;Intérêts des emprunts et dettes;;;;;
CPT;66116000;des emprunts et dettes assimilées;;;;;
CPT;66117000;des dettes rattachées à des participations;;;;;
CPT;66120000;Charges de la fiducie, résultat de la période;;;;;
CPT;66150000;Intérêts des comptes courants et des dépôts créditeurs;;;;;
CPT;66160000;Intérêts bancaires et sur opérations de financement (escompte,...);;;;;
CPT;66170000;Intérêts des obligations cautionnées;;;;;
CPT;66180000;Intérêts des autres dettes;;;;;
CPT;66181000;des dettes commerciales;;;;;
CPT;66188000;des dettes diverses;;;;;
CPT;66400000;Pertes sur créances liées à des participations;;;;;
CPT;66500000;Escomptes accordés;;;;;
CPT;66600000;Pertes de change;;;;;
CPT;66700000;Charges nettes sur cessions de valeurs mobilières de placement;;;;;
CPT;66800000;Autres charges financières;;;;;
CPT;67100000;Charges exceptionnelles sur opérations de gestion;;;;;
CPT;67110000;Pénalités sur marchés (et dédits payés sur achats et ventes);;;;;
CPT;67120000;Pénalités, amendes fiscales et pénales;;;;;
CPT;67130000;Dons, libéralités;;;;;
CPT;67140000;Créances devenues irrécouvrables dans l'exercice;;;;;
CPT;67150000;Subventions accordées;;;;;
CPT;67170000;Rappel d'impôts (autres qu'impôts sur les bénéfices);;;;;
CPT;67180000;Autres charges exceptionnelles sur opérations de gestion;;;;;
CPT;67200000;(Compte à la disposition des entités pour enregistrer, en cours d'exercice, les charges sur exercices;;;;;
CPT;67400000;Opérations de constitution ou liquidation des fiducies;;;;;
CPT;67410000;Opérations liées à la constitution de fiducie - Transfert des éléments;;;;;
CPT;67420000;Opérations liées à la liquidation de la fiducie;;;;;
CPT;67500000;Valeurs comptables des éléments d'actif cédés;;;;;
CPT;67510000;Immobilisations incorporelles;;;;;
CPT;67520000;Immobilisations corporelles;;;;;
CPT;67560000;Immobilisations financières;;;;;
CPT;67580000;Autres éléments d'actif;;;;;
CPT;67800000;Autres charges exceptionnelles;;;;;
CPT;67810000;Malis provenant de clauses d'indexation;;;;;
CPT;67820000;Lots;;;;;
CPT;67830000;Malis provenant du rachat par l'entreprise d'actions et obligations émises par elle-même;;;;;
CPT;67880000;Charges exceptionnelles diverses;;;;;
CPT;68100000;Dotations aux amortissements, aux dépréciations et aux provisions - Charges d'exploitation;;;;;
CPT;68110000;Dotations aux amortissements sur immobilisations incorporelles et corporelles;;;;;
CPT;68111000;Immobilisations incorporelles;;;;;
CPT;68112000;Immobilisations corporelles;;;;;
CPT;68120000;Dotations aux amortissements des charges d'exploitation à répartir;;;;;
CPT;68150000;Dotations aux provisions d'exploitation;;;;;
CPT;68160000;Dotations pour dépréciations des immobilisations incorporelles et corporelles;;;;;
CPT;68161000;Immobilisations incorporelles;;;;;
CPT;68162000;Immobilisations corporelles;;;;;
CPT;68170000;Dotations pour dépréciations des actifs circulants;;;;;
CPT;68173000;Stocks et en-cours;;;;;
CPT;68174000;Créances;;;;;
CPT;68600000;Dotations aux amortissements, aux dépréciations et aux provisions - Charges financières;;;;;
CPT;68610000;Dotations aux amortissements des primes de remboursement des obligations;;;;;
CPT;68650000;Dotations aux provisions financières;;;;;
CPT;68660000;Dotations pour dépréciations des éléments financiers;;;;;
CPT;68662000;Immobilisations financières;;;;;
CPT;68665000;Valeurs mobilières de placement;;;;;
CPT;68680000;Autres dotations;;;;;
CPT;68700000;Dotations aux amortissements, aux dépréciations et aux provisions - Charges exceptionnelles;;;;;
CPT;68710000;Dotations aux amortissements exceptionnels des immobilisations;;;;;
CPT;68720000;Dotations aux provisions réglementées (immobilisations);;;;;
CPT;68725000;Amortissements dérogatoires;;;;;
CPT;68730000;Dotations aux provisions réglementées (stocks);;;;;
CPT;68740000;Dotations aux autres provisions réglementées;;;;;
CPT;68750000;Dotations aux provisions exceptionnelles;;;;;
CPT;68760000;Dotations pour dépréciations exceptionnelles;;;;;
CPT;69100000;Participation des salariés aux résultats;;;;;
CPT;69500000;Impôts sur les bénéfices;;;;;
CPT;69510000;Impôts dus en France;;;;;
CPT;69520000;Contribution additionnelle à l'impôt sur les bénéfices;;;;;
CPT;69540000;Impôts dus à l'étranger;;;;;
CPT;69600000;Suppléments d'impôt sur les sociétés liés aux distributions;;;;;
CPT;69800000;Intégration fiscale;;;;;
CPT;69810000;Intégration fiscale - Charges;;;;;
CPT;69890000;Intégration fiscale - Produits;;;;;
CPT;69900000;Produits - Reports en arrière des déficits;;;;;
CPT;70100000;Ventes de produits finis;;;;;
CPT;70110000;Produits finis (ou groupe) A;;;;;
CPT;70120000;Produits finis (ou groupe) B;;;;;
CPT;70200000;Ventes de produits intermédiaires;;;;;
CPT;70300000;Ventes de produits résiduels;;;;;
CPT;70400000;Travaux;;;;;
CPT;70410000;Travaux de catégorie (ou activité) A;;;;;
CPT;70420000;Travaux de catégorie (ou activité) B;;;;;
CPT;70500000;Etudes;;;;;
CPT;70600000;Prestations de services;;;;;
CPT;70700000;Ventes de marchandises;;;;;
CPT;70710000;Marchandises (ou groupe) A;;;;;
CPT;70720000;Marchandises (ou groupe) B;;;;;
CPT;70800000;Produits des activités annexes;;;;;
CPT;70810000;Produits des services exploités dans l'intérêt du personnel;;;;;
CPT;70820000;Commissions et courtages;;;;;
CPT;70830000;Locations diverses;;;;;
CPT;70840000;Mise à disposition de personnel facturée;;;;;
CPT;70850000;Ports et frais accessoires facturés;;;;;
CPT;70860000;Bonis sur reprises d'emballages consignés;;;;;
CPT;70870000;Bonifications obtenues des clients et primes sur ventes;;;;;
CPT;70880000;Autres produits d'activités annexes (cessions d'approvisionnements,);;;;;
CPT;70900000;Rabais, remises et ristournes accordés par l'entreprise;;;;;
CPT;70910000;sur ventes de produits finis;;;;;
CPT;70920000;sur ventes de produits intermédiaires;;;;;
CPT;70940000;sur travaux;;;;;
CPT;70950000;sur études;;;;;
CPT;70960000;sur prestations de services;;;;;
CPT;70970000;sur ventes de marchandises;;;;;
CPT;70980000;sur produits des activités annexes;;;;;
CPT;71300000;Variation des stocks (en-cours de production, produits);;;;;
CPT;71330000;Variation des en-cours de production de biens;;;;;
CPT;71331000;Produits en cours;;;;;
CPT;71335000;Travaux en cours;;;;;
CPT;71340000;Variation des en-cours de production de services;;;;;
CPT;71341000;Etudes en cours;;;;;
CPT;71345000;Prestations de services en cours;;;;;
CPT;71350000;Variation des stocks de produits;;;;;
CPT;71351000;Produits intermédiaires;;;;;
CPT;71355000;Produits finis;;;;;
CPT;71358000;Produits résiduels;;;;;
CPT;72100000;Immobilisations incorporelles;;;;;
CPT;72200000;Immobilisations corporelles;;;;;
CPT;75100000;Redevances pour concessions, brevets, licences, marques, procédés, logiciels, droits et valeurs;;;;;
CPT;75110000;Redevances pour concessions, brevets, licences, marques, procédés, logiciels;;;;;
CPT;75160000;Droits d'auteur et de reproduction;;;;;
CPT;75180000;Autres droits et valeurs similaires;;;;;
CPT;75200000;Revenus des immeubles non affectés à des activités professionnelles;;;;;
CPT;75300000;Jetons de présence et rémunérations d'administrateurs, gérants,;;;;;
CPT;75400000;Ristournes perçues des coopératives (provenant des excédents);;;;;
CPT;75500000;Quote-parts de résultat sur opérations faites en commun;;;;;
CPT;75510000;Quote-part de perte transférée (comptabilité du gérant);;;;;
CPT;75550000;Quote-part de bénéfice attribuée (comptabilité des associés non - gérants);;;;;
CPT;75800000;Produits divers de gestion courante;;;;;
CPT;76100000;Produits de participations;;;;;
CPT;76110000;Revenus des titres de participation;;;;;
CPT;76120000;Produits de la fiducie, résultat de la période;;;;;
CPT;76160000;Revenus sur autres formes de participation;;;;;
CPT;76170000;Revenus des créances rattachées à des participations;;;;;
CPT;76200000;Produits des autres immobilisations financières;;;;;
CPT;76210000;Revenus des titres immobilisés;;;;;
CPT;76260000;Revenus des prêts;;;;;
CPT;76270000;Revenus des créances immobilisées;;;;;
CPT;76300000;Revenus des autres créances;;;;;
CPT;76310000;Revenus des créances commerciales;;;;;
CPT;76380000;Revenus des créances diverses;;;;;
CPT;76400000;Revenus des valeurs mobilières de placement;;;;;
CPT;76500000;Escomptes obtenus;;;;;
CPT;76600000;Gains de change;;;;;
CPT;76700000;Produits nets sur cessions de valeurs mobilières de placement;;;;;
CPT;76800000;Autres produits financiers;;;;;
CPT;77100000;Produits exceptionnels sur opérations de gestion;;;;;
CPT;77110000;Dédits et pénalités perçus sur achats et sur ventes;;;;;
CPT;77130000;Libéralités reçues;;;;;
CPT;77140000;Rentrées sur créances amorties;;;;;
CPT;77150000;Subventions d'équilibre;;;;;
CPT;77170000;Dégrèvements d'impôts autres qu'impôts sur les bénéfices;;;;;
CPT;77180000;Autres produits exceptionnels sur opérations de gestion;;;;;
CPT;77200000;(Compte à la disposition des entités pour enregistrer, en cours d'exercice, les produits sur;;;;;
CPT;77400000;Opérations de constitution ou liquidation des fiducies;;;;;
CPT;77410000;Opérations liées à la constitution de fiducie - Transfert des éléments;;;;;
CPT;77420000;Opérations liées à la liquidation de la fiducie;;;;;
CPT;77500000;Produits des cessions d'éléments d'actif;;;;;
CPT;77510000;Immobilisations incorporelles;;;;;
CPT;77520000;Immobilisations corporelles;;;;;
CPT;77560000;Immobilisations financières;;;;;
CPT;77580000;Autres éléments d'actif;;;;;
CPT;77700000;Quote-part des subventions d'investissement virée au résultat de l'exercice;;;;;
CPT;77800000;Autres produits exceptionnels;;;;;
CPT;77810000;Bonis provenant de clauses d'indexation;;;;;
CPT;77820000;Lots;;;;;
CPT;77830000;Bonis provenant du rachat par l'entreprise d'actions et d'obligations émises par elle - même;;;;;
CPT;77880000;Produits exceptionnels divers;;;;;
CPT;78100000;Reprises sur amortissements, dépréciations et provisions (à inscrire dans les produits;;;;;
CPT;78110000;Reprises sur amortissements des immobilisations incorporelles et corporelles;;;;;
CPT;78111000;Immobilisations incorporelles;;;;;
CPT;78112000;Immobilisations corporelles;;;;;
CPT;78150000;Reprises sur provisions d'exploitation;;;;;
CPT;78160000;Reprises sur dépréciations des immobilisations incorporelles et corporelles;;;;;
CPT;78161000;Immobilisations incorporelles;;;;;
CPT;78162000;Immobilisations corporelles;;;;;
CPT;78170000;Reprises sur dépréciations des actifs circulants;;;;;
CPT;78173000;Stocks et en-cours;;;;;
CPT;78174000;Créances;;;;;
CPT;78600000;Reprises sur provisions pour risques et dépréciations (à inscrire dans les produits financiers);;;;;
CPT;78650000;Reprises sur provisions financières;;;;;
CPT;78660000;Reprises sur dépréciations des éléments financiers;;;;;
CPT;78662000;Immobilisations financières;;;;;
CPT;78665000;Valeurs mobilières de placements;;;;;
CPT;78700000;Reprises sur provisions et dépréciations (à inscrire dans les produits exceptionnels);;;;;
CPT;78720000;Reprises sur provisions réglementées (immobilisations);;;;;
CPT;78725000;Amortissements dérogatoires;;;;;
CPT;78726000;Provision spéciale de réévaluation;;;;;
CPT;78727000;Plus-values réinvesties;;;;;
CPT;78730000;Reprises sur provisions réglementées (stocks);;;;;
CPT;78740000;Reprises sur autres provisions réglementées;;;;;
CPT;78750000;Reprises sur provisions exceptionnelles;;;;;
CPT;78760000;Reprises sur dépréciations exceptionnelles;;;;;
CPT;79100000;Transferts de charges d'exploitation;;;;;
CPT;79600000;Transferts de charges financières;;;;;
CPT;79700000;Transferts de charges exceptionnelles;;;;;
CPT;16420100;Emprunt N°125540;;;;;
CPT;16730000;Emissions de titres participatifs;;;;;
CPT;22510000;Concessions;;;;;
CPT;28154000;Amortissements matériel industriel;;;;;
CPT;28251000;Amortissements concessions;;;;;
CPT;29154000;Dépréciations matériel industriel;;;;;
CPT;29251000;Dépréciations concessions;;;;;
CPT;31000000;Stocks matières 1ères;;;;;
CPT;36700000;Stocks travaux à façons;;;;;
CPT;37000000;Stocks marchandises;;;;;
CPT;401A0000;fournisseurs A;;;;;
CPT;401B0000;Fournisseurs B;;;;;
CPT;401C0000;Fournisseurs C;;;;;
CPT;401D0000;Fournisseurs D;;;;;
CPT;411A0000;Clients A;;;;;
CPT;411B0000;Clients B;;;;;
CPT;411C0000;Clients C ;;;;;
CPT;411D0000;Clients D ;;;;;
CPT;411E0000;Clients E ;;;;;
CPT;411F0000;Clients F;;;;;
CPT;411G0000;Clients G;;;;;
CPT;43720000;Caisse Mutuelles;;;;;
CPT;43730000;Caisse de retraite non cadre;;;;;
CPT;44210000;Etat-prélèvt à la source;;;;;
CPT;45510100;Comptes courants associés 2;;;;;
CPT;51210100;CIC;;;;;
CPT;51220000;Crédit agricole;;;;;
CPT;51860000;Intérêts courus à payer;;;;;
CPT;52010000;Instrument trésorerie débit;;;;;
CPT;52020000;Instrument trésorerie crédit;;;;;
CPT;60150100;Achats matières 1ères;;;;;
CPT;60360000;Varation stocks travaux à façons;;;;;
CPT;60415000;Achats d'études et prestations de services;;;;;
CPT;60615000;Carburants;;;;;
CPT;60710100;Achats marchandises;;;;;
CPT;60971000;RRR obtenus sur achats de marchandises;;;;;
CPT;61211000;Crédit bail - Toyota;;;;;
CPT;61213000;Crédit bail - copieur;;;;;
CPT;61552000;Entretien des locaux;;;;;
CPT;61641000;Asssurance décès;;;;;
CPT;62610000;Affranchissements;;;;;
CPT;62620000;Téléphone;;;;;
CPT;62815000;Cotisations Régionales;;;;;
CPT;63516000;Redevance audiovisuelle;;;;;
CPT;63750000;AGEFIPH;;;;;
CPT;63781000;Csg déductible;;;;;
CPT;64810000;Intéressement;;;;;
CPT;64820000;Ticket restaurant;;;;;
CPT;68761000;Dotations dépréciations exceptionnelles ;;;;;
CPT;68762000;Dotations dépréciations exceptionnelles ;;;;;
CPT;70182000;Production vendue Biens Export;;;;;
CPT;70311000;Production vendue Biens France;;;;;
CPT;70674000;Production vendue Services France;;;;;
CPT;70710100;Vte de marchandises France;;;;;
CPT;70782000;Vte de marchandises Export;;;;;
CPT;70881000;Production vendue Services Export;;;;;
CPT;70967400;RRR accordés par l'entreprise sur prestations de services;;;;;
CPT;74000000;Subventions d'exploitation;;;;;
JNL;A Nouveaux;AN;à nouveaux;;;;
JNL;Achats;ACH;Achats;;;;
JNL;Trésorerie;BQ;Trésorerie;;;;
JNL;Opérations diverses;OD;Opérations diverses;;;;
JNL;Ventes;VTE;Ventes;;;;
MVT;01/04/2018;ACH;AC1;20500000;Concessions-brevets-licences;12 102,00;
MVT;01/04/2018;ACH;AC1;20600000;Droit au bail;4 312,00;
MVT;01/04/2018;ACH;AC1;20700000;Fonds commercial;13 550,00;
MVT;01/04/2018;ACH;AC1;26710000;Créances rattachées participation;2 864,00;
MVT;01/04/2018;ACH;AC1;27110000;Titres immobilisés actions;1 008,00;
MVT;01/04/2018;ACH;AC1;27710000;Actions propres;724;
MVT;01/04/2018;ACH;AC1;27220000;Titres droit créances bons;1 425,00;
MVT;01/04/2018;ACH;AC1;26100000;Titres de participations;2 650,00;
MVT;01/04/2018;ACH;AC1;10700000;Ecart d'équivalence;126;
MVT;01/04/2018;ACH;AC1;22510000;Concessions ;31 815,00;
MVT;01/04/2018;ACH;AC1;21540000;Matériel industriel;128 245,66;
MVT;01/04/2018;ACH;AC1;401B0000;Fournisseurs B;;198 821,66
MVT;02/04/2018;ACH;AC2;50900000;Verst restant à effectuer VMP;;3 852,00
MVT;02/04/2018;ACH;AC2;50300000;VMP;15 977,66;
MVT;02/04/2018;ACH;AC2;51220000;Crédit agricole;;12 125,66
MVT;03/04/2018;ACH;AC3;60710000;Marchandise (ou groupe) A;8 701,85;
MVT;03/04/2018;ACH;AC3;40960000;Emballages;200;
MVT;03/04/2018;ACH;AC3;44566000;TVA déductible ABS;423,6;
MVT;03/04/2018;ACH;AC3;401A0000;Fournisseurs A;;9 325,45
MVT;04/04/2018;ACH;AC4;60150100;Achats matières 1ères;21 992,09;
MVT;04/04/2018;ACH;AC4;44566000;TVA déductible ABS;1 209,56;
MVT;04/04/2018;ACH;AC4;401B0000;Fournisseurs B;;23 201,65
MVT;05/04/2018;ACH;AC5;60415000;Etudes et prest services;1 137,50;
MVT;05/04/2018;ACH;AC5;44566000;TVA déductible ABS;227,5;
MVT;05/04/2018;ACH;AC5;401C0000;Fournisseurs C;;1 365,00
MVT;06/04/2018;ACH;AC6;60971000;RRR obtenus;;1 238,39
MVT;06/04/2018;ACH;AC6;44566000;TVA déductible ABS;;62,61
MVT;06/04/2018;ACH;AC6;401A0000;Fournisseurs A;1 301,00;
MVT;07/04/2018;ACH;AC7;62620000;Téléphone;603,88;
MVT;07/04/2018;ACH;AC7;44566000;TVA déductible ABS;120,78;
MVT;07/04/2018;ACH;AC7;401A0000;Fournisseurs A;;724,66
MVT;08/04/2018;ACH;AC8;63514000;Taxe véhicule;2 101,55;
MVT;08/04/2018;ACH;AC8;401C0000;Fournisseurs C;;2 101,55
MVT;09/04/2018;ACH;AC9;62815000;Cotis régionale;756;
MVT;09/04/2018;ACH;AC9;401D0000;Fournisseurs D;;756
MVT;10/04/2018;ACH;AC10;60610100;Achats non stockés eaux;1 238,61;
MVT;10/04/2018;ACH;AC10;40110000;Fournisseurs - Achats de biens et prestations de services;;1 238,61
MVT;11/04/2018;ACH;AC11;60610200;Achats non stockés électricité;2 801,68;
MVT;11/04/2018;ACH;AC11;40110000;Fournisseurs - Achats de biens et prestations de services;;2 801,68
MVT;12/04/2018;ACH;AC12;60610300;Achats non stockés gaz;4 125,12;
MVT;12/04/2018;ACH;AC12;40110000;Fournisseurs - Achats de biens et prestations de services;;4 125,12
MVT;13/04/2018;ACH;AC13;60615000;Carburants;253,14;
MVT;13/04/2018;ACH;AC13;40110000;Fournisseurs - Achats de biens et prestations de services;;253,14
MVT;14/04/2018;ACH;AC14;60630000;Fournitures d'entretien et de petit équipement;599,97;
MVT;14/04/2018;ACH;AC14;40110000;Fournisseurs - Achats de biens et prestations de services;;599,97
MVT;15/04/2018;ACH;AC15;60640000;Fournitures administratives;395,94;
MVT;15/04/2018;ACH;AC15;40110000;Fournisseurs - Achats de biens et prestations de services;;395,94
MVT;16/04/2018;ACH;AC16;60260000;Emballages;3 214,45;
MVT;16/04/2018;ACH;AC16;40110000;Fournisseurs - Achats de biens et prestations de services;;3 214,45
MVT;17/04/2018;ACH;AC17;61211000;Crédit bail - Toyota;1 097,92;
MVT;17/04/2018;ACH;AC17;40110000;Fournisseurs - Achats de biens et prestations de services;;1 097,92
MVT;18/04/2018;ACH;AC18;61213000;Crédit bail - copieur;3 603,33;
MVT;18/04/2018;ACH;AC18;40110000;Fournisseurs - Achats de biens et prestations de services;;3 603,33
MVT;19/04/2018;ACH;AC19;61320000;Locations immobilières;5 874,66;
MVT;19/04/2018;ACH;AC19;40110000;Fournisseurs - Achats de biens et prestations de services;;5 874,66
MVT;20/04/2018;ACH;AC20;61552000;Entretien des locaux;1 366,04;
MVT;20/04/2018;ACH;AC20;40110000;Fournisseurs - Achats de biens et prestations de services;;1 366,04
MVT;21/04/2018;ACH;AC21;61560000;Maintenance;5 140,46;
MVT;21/04/2018;ACH;AC21;40110000;Fournisseurs - Achats de biens et prestations de services;;5 140,46
MVT;22/04/2018;ACH;AC22;61600000;Primes d'assurances;2 944,50;
MVT;22/04/2018;ACH;AC22;40110000;Fournisseurs - Achats de biens et prestations de services;;2 944,50
MVT;23/04/2018;ACH;AC23;61810000;Documentation générale;166,24;
MVT;23/04/2018;ACH;AC23;40110000;Fournisseurs - Achats de biens et prestations de services;;166,24
MVT;24/04/2018;ACH;AC24;62260000;Honoraires;4 128,78;
MVT;24/04/2018;ACH;AC24;40110000;Fournisseurs - Achats de biens et prestations de services;;4 128,78
MVT;25/04/2018;ACH;AC25;62340000;Cadeaux à la clientèle;858,6;
MVT;25/04/2018;ACH;AC25;40110000;Fournisseurs - Achats de biens et prestations de services;;858,6
MVT;26/04/2018;ACH;AC26;62410000;Transports sur achats;1 274,49;
MVT;26/04/2018;ACH;AC26;40110000;Fournisseurs - Achats de biens et prestations de services;;1 274,49
MVT;27/04/2018;ACH;AC27;62510000;Voyages et déplacements;2 448,96;
MVT;27/04/2018;ACH;AC27;40110000;Fournisseurs - Achats de biens et prestations de services;;2 448,96
MVT;28/04/2018;ACH;AC28;62610000;Affranchissements;340,48;
MVT;28/04/2018;ACH;AC28;40110000;Fournisseurs - Achats de biens et prestations de services;;340,48
MVT;29/04/2018;ACH;AC29;62700000;Services bancaires et assimilés;1 462,45;
MVT;29/04/2018;ACH;AC29;40110000;Fournisseurs - Achats de biens et prestations de services;;1 462,45
MVT;30/04/2018;ACH;AC30;62380000;Divers (pourboires, dons courants, …);241;
MVT;30/04/2018;ACH;AC30;40110000;Fournisseurs - Achats de biens et prestations de services;;241
MVT;01/05/2018;ACH;AC31;62330000;Foires et expositions;1 016,02;
MVT;01/05/2018;ACH;AC31;40110000;Fournisseurs - Achats de biens et prestations de services;;1 016,02
MVT;02/05/2018;ACH;AC32;61641000;Asssurance décès;544,48;
MVT;02/05/2018;ACH;AC32;40110000;Fournisseurs - Achats de biens et prestations de services;;544,48
MVT;03/05/2018;ACH;AC33;62270000;Frais d'actes et de contentieux;2 072,42;
MVT;03/05/2018;ACH;AC33;40110000;Fournisseurs - Achats de biens et prestations de services;;2 072,42
MVT;04/05/2018;ACH;AC34;62310000;Annonces et insertions;310,86;
MVT;04/05/2018;ACH;AC34;40110000;Fournisseurs - Achats de biens et prestations de services;;310,86
MVT;05/05/2018;ACH;AC35;62110000;Personnel intérimaire;4 292,60;
MVT;05/05/2018;ACH;AC35;40110000;Fournisseurs - Achats de biens et prestations de services;;4 292,60
MVT;06/05/2018;ACH;AC36;62780000;Autres frais et commissions sur prestations de services;154,74;
MVT;06/05/2018;ACH;AC36;40110000;Fournisseurs - Achats de biens et prestations de services;;154,74
MVT;07/05/2018;ACH;AC37;63781000;Csg déductible;2 252,78;
MVT;07/05/2018;ACH;AC37;44700000;Autres impôts, taxes et versements assimilés;;2 252,78
MVT;08/05/2018;ACH;AC38;63330000;Particip. employeurs à la form prof continue;822,05;
MVT;08/05/2018;ACH;AC38;44700000;Autres impôts, taxes et versements assimilés;;822,05
MVT;09/05/2018;ACH;AC39;63340000;Participation des employeurs à l'effort de construction;324,44;
MVT;09/05/2018;ACH;AC39;44700000;Autres impôts, taxes et versements assimilés;;324,44
MVT;10/05/2018;ACH;AC40;63511000;Contribution économique territoriale;3 390,00;
MVT;10/05/2018;ACH;AC40;44700000;Autres impôts, taxes et versements assimilés;;3 390,00
MVT;11/05/2018;ACH;AC41;63512000;Taxes foncières;1 246,00;
MVT;11/05/2018;ACH;AC41;44700000;Autres impôts, taxes et versements assimilés;;1 246,00
MVT;12/05/2018;ACH;AC42;63513000;Autres impôts locaux;754;
MVT;12/05/2018;ACH;AC42;44700000;Autres impôts, taxes et versements assimilés;;754
MVT;13/05/2018;ACH;AC43;63540000;Droits d'enregistrement et de timbre;340,92;
MVT;13/05/2018;ACH;AC43;44700000;Autres impôts, taxes et versements assimilés;;340,92
MVT;14/05/2018;ACH;AC44;63580000;Autres droits;191,76;
MVT;14/05/2018;ACH;AC44;44700000;Autres impôts, taxes et versements assimilés;;191,76
MVT;15/05/2018;ACH;AC45;63541000;Droits de mutation;221,59;
MVT;15/05/2018;ACH;AC45;44700000;Autres impôts, taxes et versements assimilés;;221,59
MVT;16/05/2018;ACH;AC46;63750000;AGEFIPH;1 922,00;
MVT;16/05/2018;ACH;AC46;44700000;Autres impôts, taxes et versements assimilés;;1 922,00
MVT;17/05/2018;ACH;AC47;63516000;Redevance audiovisuelle;529;
MVT;17/05/2018;ACH;AC47;44700000;Autres impôts, taxes et versements assimilés;;529
MVT;18/05/2018;ACH;AC48;63120000;Taxe d'apprentissage;847,62;
MVT;18/05/2018;ACH;AC48;44700000;Autres impôts, taxes et versements assimilés;;847,62
MVT;01/04/2018;AN;AN1;10120000;A nouveau;;7 000,00
MVT;01/04/2018;AN;AN1;10130000;A nouveau;;3 000,00
MVT;01/04/2018;AN;AN1;10520000;A nouveau;;510
MVT;01/04/2018;AN;AN1;10700000;A nouveau;126;
MVT;01/04/2018;AN;AN1;14500000;A nouveau;;602,84
MVT;01/04/2018;AN;AN1;16100000;A nouveau;;7 000,00
MVT;01/04/2018;AN;AN1;16300000;A nouveau;;11 000,00
MVT;01/04/2018;AN;AN1;16420100;A nouveau;;3 249,53
MVT;01/04/2018;AN;AN1;16620000;A nouveau;;2 125,00
MVT;01/04/2018;AN;AN1;16730000;A nouveau;;3 500,00
MVT;01/04/2018;AN;AN1;16740000;A nouveau;;3 600,00
MVT;01/04/2018;AN;AN1;16750000;A nouveau;;8 600,00
MVT;01/04/2018;AN;AN1;16881000;A nouveau;;275,66
MVT;01/04/2018;AN;AN1;16883000;A nouveau;;127,88
MVT;01/04/2018;AN;AN1;16886000;A nouveau;;168,74
MVT;01/04/2018;AN;AN1;20500000;A nouveau;12 102,00;
MVT;01/04/2018;AN;AN1;20600000;A nouveau;4 312,00;
MVT;01/04/2018;AN;AN1;20700000;A nouveau;13 550,00;
MVT;01/04/2018;AN;AN1;21540000;A nouveau;123 543,00;
MVT;01/04/2018;AN;AN1;22510000;A nouveau;31 815,00;
MVT;01/04/2018;AN;AN1;26100000;A nouveau;2 650,00;
MVT;01/04/2018;AN;AN1;26710000;A nouveau;2 864,00;
MVT;01/04/2018;AN;AN1;27110000;A nouveau;1 008,00;
MVT;01/04/2018;AN;AN1;27220000;A nouveau;1 425,00;
MVT;01/04/2018;AN;AN1;27682000;A nouveau;1 414,00;
MVT;01/04/2018;AN;AN1;27710000;A nouveau;724;
MVT;01/04/2018;AN;AN1;28070000;A nouveau;;112,92
MVT;01/04/2018;AN;AN1;28154000;A nouveau;2 074,90;
MVT;01/04/2018;AN;AN1;28251000;A nouveau;;530,25
MVT;01/04/2018;AN;AN1;29070000;A nouveau;;2 212,08
MVT;01/04/2018;AN;AN1;29154000;A nouveau;;1 000,23
MVT;01/04/2018;AN;AN1;29251000;A nouveau;;1 284,75
MVT;01/04/2018;AN;AN1;29610000;A nouveau;;650
MVT;01/04/2018;AN;AN1;31000000;A nouveau;3 425,00;
MVT;01/04/2018;AN;AN1;36700000;A nouveau;1 824,00;
MVT;01/04/2018;AN;AN1;37000000;A nouveau;2 811,66;
MVT;01/04/2018;AN;AN1;39700000;A nouveau;;520
MVT;01/04/2018;AN;AN1;401A0000;A nouveau;;7 849,11
MVT;01/04/2018;AN;AN1;401B0000;A nouveau;;222 046,31
MVT;01/04/2018;AN;AN1;401C0000;A nouveau;;1 365,00
MVT;01/04/2018;AN;AN1;401D0000;A nouveau;;756
MVT;01/04/2018;AN;AN1;40300000;A nouveau;;2 101,55
MVT;01/04/2018;AN;AN1;40810000;A nouveau;;15 277,10
MVT;01/04/2018;AN;AN1;40960000;A nouveau;200;
MVT;01/04/2018;AN;AN1;411A0000;A nouveau;75 911,22;
MVT;01/04/2018;AN;AN1;411B0000;A nouveau;60 125,45;
MVT;01/04/2018;AN;AN1;411C0000;A nouveau;64 421,66;
MVT;01/04/2018;AN;AN1;411D0000;A nouveau;20 245,00;
MVT;01/04/2018;AN;AN1;411E0000;A nouveau;99 201,00;
MVT;01/04/2018;AN;AN1;411F0000;A nouveau;11 125,44;
MVT;01/04/2018;AN;AN1;411G0000;A nouveau;;1 800,00
MVT;01/04/2018;AN;AN1;41810000;A nouveau;36 526,66;
MVT;01/04/2018;AN;AN1;41910000;A nouveau;;10 200,00
MVT;01/04/2018;AN;AN1;42100000;A nouveau;;1 445,00
MVT;01/04/2018;AN;AN1;42600000;A nouveau;;1 205,00
MVT;01/04/2018;AN;AN1;43100000;A nouveau;;24 279,33
MVT;01/04/2018;AN;AN1;43720000;A nouveau;;75
MVT;01/04/2018;AN;AN1;43730000;A nouveau;;184,55
MVT;01/04/2018;AN;AN1;44210000;A nouveau;;80
MVT;01/04/2018;AN;AN1;44566000;A nouveau;1 918,83;
MVT;01/04/2018;AN;AN1;44571000;A nouveau;;40 250,28
MVT;01/04/2018;AN;AN1;44586000;A nouveau;2 125,55;
MVT;01/04/2018;AN;AN1;44587000;A nouveau;;5 421,11
MVT;01/04/2018;AN;AN1;44700000;A nouveau;;3 794,11
MVT;01/04/2018;AN;AN1;45510000;A nouveau;28 746,66;
MVT;01/04/2018;AN;AN1;45510100;A nouveau;;24 201,78
MVT;01/04/2018;AN;AN1;45620000;A nouveau;10 000,00;
MVT;01/04/2018;AN;AN1;45700000;A nouveau;;1 845,00
MVT;01/04/2018;AN;AN1;45810000;A nouveau;;2 301,00
MVT;01/04/2018;AN;AN1;46500000;A nouveau;1 980,12;
MVT;01/04/2018;AN;AN1;46700000;A nouveau;;325
MVT;01/04/2018;AN;AN1;47600000;A nouveau;23;
MVT;01/04/2018;AN;AN1;47800000;A nouveau;;1 024,00
MVT;01/04/2018;AN;AN1;50300000;A nouveau;15 199,20;
MVT;01/04/2018;AN;AN1;50900000;A nouveau;;3 852,00
MVT;01/04/2018;AN;AN1;51210100;A nouveau;85 239,03;
MVT;01/04/2018;AN;AN1;51220000;A nouveau;;10 495,00
MVT;01/04/2018;AN;AN1;51860000;A nouveau;;1 414,00
MVT;01/04/2018;AN;AN1;52010000;A nouveau;2 514,00;
MVT;01/04/2018;AN;AN1;52020000;A nouveau;;807
MVT;01/04/2018;AN;AN1;53100000;A nouveau;400;
MVT;01/04/2018;AN;AN1;12000000;A nouveau;;280 107,27
MVT;02/04/2018;BQ;BQ2;76110000;Verst revenus titres;;725,66
MVT;02/04/2018;BQ;BQ2;51220000;Verst revenus titres;725,66;
MVT;01/05/2018;BQ;BQ1;51210100;Versement emprunts;68 700,00;
MVT;01/05/2018;BQ;BQ1;16750000;Verst emp participatif;;8 600,00
MVT;01/05/2018;BQ;BQ1;16730000;Verst titres participatifs;;3 500,00
MVT;01/05/2018;BQ;BQ1;16300000;Verst autres emp obligataires;;11 000,00
MVT;01/05/2018;BQ;BQ1;16100000;Verst empt obligataires;;7 000,00
MVT;01/05/2018;BQ;BQ1;16420100;Verst Emprunt N°125540;;35 000,00
MVT;01/05/2018;BQ;BQ1;16740000;Verst avances conditionnées Etat;;3 600,00
MVT;03/06/2018;BQ;BQ3;66116000;Intérêts emprunt N°122540;87,5;
MVT;03/06/2018;BQ;BQ3;16420100;Rbt capital emprunt N°122450;250,47;
MVT;03/06/2018;BQ;BQ3;51210100;Rbt annuité emprunt N°122450;;337,97
MVT;04/06/2018;BQ;BQ4;411A0000;Règlt client A;;15 214,00
MVT;04/06/2018;BQ;BQ4;52020000;Règlt client A;;807
MVT;04/06/2018;BQ;BQ4;52010000;Règlt client A;2 514,00;
MVT;04/06/2018;BQ;BQ4;53100000;Règlt client A;300;
MVT;04/06/2018;BQ;BQ4;51210100;Règlt client A;13 207,00;
MVT;05/07/2018;BQ;BQ5;51210100;Avance clients;13 200,00;
MVT;05/07/2018;BQ;BQ5;41910000;Avance clients;;13 200,00
MVT;06/08/2018;BQ;BQ6;51210100;Avance client G;2 800,00;
MVT;06/08/2018;BQ;BQ6;411G0000;Avance client G;;2 800,00
MVT;07/09/2018;BQ;BQ7;64400000;Rémunération du travail de l'exploitant;12 000,00;
MVT;07/09/2018;BQ;BQ7;51210100;Rémunération du travail de l'exploitant;;12 000,00
MVT;01/04/2018;OD;OD1;12000000;Affectation résultat N-1;280 107,27;
MVT;01/04/2018;OD;OD1;10610000;Affectation résultat N-1;;100 000,00
MVT;01/04/2018;OD;OD1;10630000;Affectation résultat N-1;;80 000,00
MVT;01/04/2018;OD;OD1;11000000;Affectation résultat N-1;;100 107,27
MVT;02/04/2018;OD;OD2;42600000;dépot personnel;;805
MVT;02/04/2018;OD;OD2;51220000;dépot personnel;805;
MVT;03/04/2018;OD;OD3;401C0000;Effets à payer;2 101,55;
MVT;03/04/2018;OD;OD3;40300000;Effets à payer;;2 101,55
MVT;04/04/2018;OD;OD4;46500000;Cession VMP;1 180,12;
MVT;04/04/2018;OD;OD4;76700000;Cession VMP;;901,66
MVT;04/04/2018;OD;OD4;50300000;Cession VMP;;278,46
MVT;30/04/2018;OD;OD5;31000000;Stock fin matières 1ères;4 425,00;
MVT;30/04/2018;OD;OD5;60310000;Stock fin matières 1ères;;4 425,00
MVT;30/04/2018;OD;OD6;64100000;Salaire brut Paul;2 942,67;
MVT;30/04/2018;OD;OD6;64140000;Indemnités et avantages divers;1 234,48;
MVT;30/04/2018;OD;OD6;64500000;Charges patronales Paul;1 851,21;
MVT;30/04/2018;OD;OD6;64820000;Ticket restaurant;150;
MVT;30/04/2018;OD;OD6;43100000;URSAFF;;2 009,33
MVT;30/04/2018;OD;OD6;43730000;Caisse retraite non cadre;;284,55
MVT;30/04/2018;OD;OD6;43720000;Mutuelle;;175
MVT;30/04/2018;OD;OD6;44210000;Prélevt à la source;;180
MVT;30/04/2018;OD;OD6;42100000;Salaire net Paul;;3 529,48
MVT;30/04/2018;OD;OD7;68173000;Dotation prov dep stock m/ses;1 520,00;
MVT;30/04/2018;OD;OD7;39700000;Dotation prov dep stock m/ses;;1 520,00
MVT;30/04/2018;OD;OD8;21540000;Ecart réévaluation;1 510,00;
MVT;30/04/2018;OD;OD8;10520000;Ecart réévaluation;;1 510,00
MVT;30/04/2018;OD;OD9;27682000;Intérêts courus autres créances;2 414,00;
MVT;30/04/2018;OD;OD9;51860000;Intérêts courus autres créances;;2 414,00
MVT;30/04/2018;OD;OD10;36700000;Stock fin travaux façons;2 824,00;
MVT;30/04/2018;OD;OD10;60360000;Stock fin travaux façons;;2 824,00
MVT;30/04/2018;OD;OD10;37000000;Stock fin marchandises;3 811,66;
MVT;30/04/2018;OD;OD10;60370000;Stock fin marchandises;;3 811,66
MVT;30/04/2018;OD;OD11;47600000;Différence conversion actif;123;
MVT;30/04/2018;OD;OD11;401B0000;Différence conversion actif;;123
MVT;30/04/2018;OD;OD12;45620000;Apport capital;11 000,00;
MVT;30/04/2018;OD;OD12;10120000;Apport capital;;11 000,00
MVT;30/04/2018;OD;OD12;10130000;Apport capital;;4 000,00
MVT;30/04/2018;OD;OD12;10120000;Apport capital;4 000,00;
MVT;30/04/2018;OD;OD13;64810000;Intéressement;3 125,00;
MVT;30/04/2018;OD;OD13;16620000;Intéressement;;3 125,00
MVT;30/04/2018;OD;OD14;66116000;Intérêts courus autres;1 572,28;
MVT;30/04/2018;OD;OD14;16881000;Intérêts courus autres;;1 275,66
MVT;30/04/2018;OD;OD14;16883000;Intérêts courus autres;;127,88
MVT;30/04/2018;OD;OD14;16886000;Intérêts courus autres;;168,74
MVT;30/04/2018;OD;OD15;75500000;Quote part résultat commun;;29 422,66
MVT;30/04/2018;OD;OD15;45510000;Quote part résultat commun;29 422,66;
MVT;30/04/2018;OD;OD15;65500000;Quote part résultat commun;14 502,78;
MVT;30/04/2018;OD;OD15;45810000;Quote part résultat commun;;2 401,00
MVT;30/04/2018;OD;OD15;45510100;Quote part résultat commun;;12 101,78
MVT;30/04/2018;OD;OD16;60710100;Factures non parvenues;14 151,55;
MVT;30/04/2018;OD;OD16;44586000;Factures non parvenues;2 125,55;
MVT;30/04/2018;OD;OD16;40810000;Factures non parvenues;;16 277,10
MVT;30/04/2018;OD;OD17;70710100;Factures à établir;;32 105,55
MVT;30/04/2018;OD;OD17;44587000;Factures à établir;;6 421,11
MVT;30/04/2018;OD;OD17;41810000;Factures à établir;38 526,66;
MVT;30/04/2018;OD;OD19;21540000;Sortie matériel;;6 212,66
MVT;30/04/2018;OD;OD19;28154000;Sortie matériel;4 212,33;
MVT;30/04/2018;OD;OD19;67520000;Sortie matériel;2 000,33;
MVT;30/04/2018;OD;OD20;68111000;Dotation amort;1 112,92;
MVT;30/04/2018;OD;OD20;68112000;Dotation amort;3 667,68;
MVT;30/04/2018;OD;OD20;28070000;Dotation amort;;1 112,92
MVT;30/04/2018;OD;OD20;28154000;Dotation amort;;3 137,43
MVT;30/04/2018;OD;OD20;28251000;Dotation amort;;530,25
MVT;30/04/2018;OD;OD21;14500000;Dotation amort dérogatoires;;702,84
MVT;30/04/2018;OD;OD21;68725000;Dotation amort dérogatoires;702,84;
MVT;30/04/2018;OD;OD22;68662000;Dotation provisions;1 650,00;
MVT;30/04/2018;OD;OD22;29610000;Dotation provisions;;1 650,00
MVT;30/04/2018;OD;OD22;68761000;Dotation provisions;3 212,08;
MVT;30/04/2018;OD;OD22;29070000;Dotation provisions;;3 212,08
MVT;30/04/2018;OD;OD22;68762000;Dotation provisions;3 284,98;
MVT;30/04/2018;OD;OD22;29154000;Dotation provisions;;1 500,23
MVT;30/04/2018;OD;OD22;29251000;Dotation provisions;;1 784,75
MVT;30/04/2018;OD;OD23;69500000;Impôts sur les bénéfices;15 140,00;
MVT;30/04/2018;OD;OD23;44400000;Etat - Impôts sur les bénéfices;;15 140,00
MVT;30/04/2018;OD;OD24;64750000;Médecine du travail, pharmacie;1 323,00;
MVT;30/04/2018;OD;OD24;64800000;Autres charges de personnel;724;
MVT;30/04/2018;OD;OD24;64600000;Cotisations sociales personnelles de l'exploitant;5 425,00;
MVT;30/04/2018;OD;OD24;64700000;Autres charges sociales;2 145,00;
MVT;30/04/2018;OD;OD24;43700000;Autres organismes sociaux;;9 617,00
MVT;31/10/2018;OD;OD18;45700000;;;2 845,00
MVT;31/10/2018;OD;OD18;46700000;;;325
MVT;31/10/2018;OD;OD18;47800000;;;1 024,00
MVT;31/10/2018;OD;OD18;512101;;4 194,00;
MVT;01/04/2018;VTE;V1;70710100;Vte marchandises France;;85 104,35
MVT;01/04/2018;VTE;V1;44571000;Vte marchandises France;;17 020,87
MVT;01/04/2018;VTE;V1;411A0000;Vte marchandises France;102 125,22;
MVT;08/04/2018;VTE;V8;74000000;Subventions;;1 500,00
MVT;08/04/2018;VTE;V8;411C0000;Subventions;1 500,00;
MVT;02/05/2018;VTE;V2;70782000;Vte marchandises Export;;68 125,45
MVT;02/05/2018;VTE;V2;411B0000;Vte marchandises Export;68 125,45;
MVT;03/06/2018;VTE;V3;70311000;Prod vendue Biens France;;61 292,42
MVT;03/06/2018;VTE;V3;44571000;Prod vendue Biens France;;6 129,24
MVT;03/06/2018;VTE;V3;411C0000;Prod vendue Biens France;67 421,66;
MVT;04/07/2018;VTE;V4;70182000;Prod vendue Biens Export;;29 245,00
MVT;04/07/2018;VTE;V4;411D0000;Prod vendue Biens Export;29 245,00;
MVT;05/08/2018;VTE;V5;70674000;Prod vendue Services France;;93 346,38
MVT;05/08/2018;VTE;V5;44571000;Prod vendue Services France;;18 669,28
MVT;05/08/2018;VTE;V5;411E0000;Prod vendue Services France;112 015,66;
MVT;06/09/2018;VTE;V6;70967400;Ristournes;845,55;
MVT;06/09/2018;VTE;V6;44571000;Ristournes;169,11;
MVT;06/09/2018;VTE;V6;411E0000;Ristournes;;1 014,66
MVT;07/10/2018;VTE;V7;70881000;Prod vendue Services Export;;13 125,44
MVT;07/10/2018;VTE;V7;411F0000;Prod vendue Services Export;13 125,44;
MVT;09/11/2018;VTE;V9;77520000;Cession matériel;;12 500,00
MVT;09/11/2018;VTE;V9;44571000;Cession matériel;;2 500,00
MVT;09/11/2018;VTE;V9;51210100;Cession matériel;15 000,00;
EXO;01/04/2018;31/03/2019;;;;;
